"","ID","Card","LocationCode","LocationCodeAlias","LocationName","Province","Country","RAMSAR","Year","StartDate","Season","TimeStart","TimeEnd","Compiler","CountType","Shoreline","OpenWater","WetlandCondition","WetlandThreat","CountCondition","NoCount","TotalCount","TotalSpecies","Notes","record_status","Survey_notes","SppRef","WetIntCode","Odr","Family","Genus","Species","Common_group","Common_species","Count","Pairs","Breeding_code","Count_id","Y","X"
"1",14915,505688,"32041818","32041818","Lamberts Bay: Bird Island","Western Cape","South Africa",NA,2011,2011-03-16,"O",08:30:00,09:30:00,2158,1,100,0,0,NA,4,0,17899,14,NA,"Accepted",NA,44,NA,"Ciconiiformes","Sulidae","Morus","capensis","Gannet","Cape",17000,17000,4,314061,-32.089261,18.30181
"2",12362,502897,"32041818","32041818","Lamberts Bay: Bird Island","Western Cape","South Africa",NA,2012,2012-01-23,"S",08:00:00,09:30:00,2158,1,80,0,0,NA,4,0,18846,14,NA,"Accepted",NA,44,NA,"Ciconiiformes","Sulidae","Morus","capensis","Gannet","Cape",18000,8000,4,271261,-32.089261,18.30181
"3",12363,502898,"32041818","32041818","Lamberts Bay: Bird Island","Western Cape","South Africa",NA,2012,2012-02-24,"O",09:00:00,10:00:00,2158,1,90,0,0,NA,4,0,20775,17,NA,"Accepted",NA,44,NA,"Ciconiiformes","Sulidae","Morus","capensis","Gannet","Cape",18000,8000,4,271275,-32.089261,18.30181
"4",12287,502899,"32041818","32041818","Lamberts Bay: Bird Island","Western Cape","South Africa",NA,2012,2012-03-27,"O",09:00:00,10:30:00,2158,4,90,0,0,NA,3,0,19572,17,NA,"Accepted",NA,44,NA,"Ciconiiformes","Sulidae","Morus","capensis","Gannet","Cape",17000,0,0,269862,-32.089261,18.30181
"5",12364,502900,"32041818","32041818","Lamberts Bay: Bird Island","Western Cape","South Africa",NA,2012,2012-04-27,"O",09:00:00,10:00:00,2158,1,100,0,0,NA,2,0,2947,13,"Misty with faint drizzle.","Accepted",NA,44,NA,"Ciconiiformes","Sulidae","Morus","capensis","Gannet","Cape",2500,12,4,271297,-32.089261,18.30181
"6",12365,502901,"32041818","32041818","Lamberts Bay: Bird Island","Western Cape","South Africa",NA,2012,2012-05-31,"O",09:00:00,10:00:00,2158,1,90,0,0,NA,4,0,4477,17,"Post frontal,overcast,3mm Rain over night, 3m swell","Accepted",NA,44,NA,"Ciconiiformes","Sulidae","Morus","capensis","Gannet","Cape",4000,0,0,271306,-32.089261,18.30181
"7",12366,502903,"32041818","32041818","Lamberts Bay: Bird Island","Western Cape","South Africa",NA,2012,2012-07-27,"O",08:30:00,09:30:00,2158,1,100,100,0,NA,2,0,17217,11,"Strong warm East wind {Berg wind). Eg. No Swift Terns on the Island, normally there would have been hundreds.","Accepted",NA,44,NA,"Ciconiiformes","Sulidae","Morus","capensis","Gannet","Cape",17000,0,0,271322,-32.089261,18.30181
"8",12235,502904,"32041818","32041818","Lamberts Bay: Bird Island","Western Cape","South Africa",NA,2012,2012-08-31,"O",12:30:00,13:30:00,2158,1,95,95,0,NA,2,0,16526,11,"Most gull activity and numbers to the South of Lambertsbay today.","Accepted",NA,44,NA,"Ciconiiformes","Sulidae","Morus","capensis","Gannet","Cape",16000,0,0,268628,-32.089261,18.30181
"9",12368,502905,"32041818","32041818","Lamberts Bay: Bird Island","Western Cape","South Africa",NA,2012,2012-09-27,"O",10:00:00,11:00:00,2158,1,100,100,0,NA,2,0,17321,11,NA,"Accepted",NA,44,NA,"Ciconiiformes","Sulidae","Morus","capensis","Gannet","Cape",17000,9,4,271348,-32.089261,18.30181
"10",14885,505658,"32041818","32041818","Lamberts Bay: Bird Island","Western Cape","South Africa",NA,2012,2012-10-27,"O",09:00:00,10:00:00,2158,1,100,100,0,NA,4,0,18353,14,NA,"Accepted",NA,44,NA,"Ciconiiformes","Sulidae","Morus","capensis","Gannet","Cape",18000,8000,4,313649,-32.089261,18.30181
"11",12369,502907,"32041818","32041818","Lamberts Bay: Bird Island","Western Cape","South Africa",NA,2012,2012-11-27,"O",07:30:00,08:30:00,2158,1,100,100,0,NA,4,0,19641,16,NA,"Accepted",NA,44,NA,"Ciconiiformes","Sulidae","Morus","capensis","Gannet","Cape",19000,8000,4,271360,-32.089261,18.30181
"12",12351,502908,"32041818","32041818","Lamberts Bay: Bird Island","Western Cape","South Africa",NA,2012,2012-12-23,"O",08:30:00,09:35:00,2158,1,0,0,0,NA,4,0,18270,12,NA,"Accepted",NA,44,NA,"Ciconiiformes","Sulidae","Morus","capensis","Gannet","Cape",18000,8500,4,271017,-32.089261,18.30181
"13",12339,502909,"32041818","32041818","Lamberts Bay: Bird Island","Western Cape","South Africa",NA,2013,2013-01-25,"S",10:00:00,10:30:00,2158,1,100,100,0,NA,4,0,19561,17,NA,"Accepted",NA,44,NA,"Ciconiiformes","Sulidae","Morus","capensis","Gannet","Cape",19000,8500,4,270893,-32.089261,18.30181
"14",14921,505694,"32041818","32041818","Lamberts Bay: Bird Island","Western Cape","South Africa",NA,2013,2013-01-28,"S",08:00:00,09:00:00,2158,1,90,0,0,NA,4,0,21567,16,NA,"Accepted",NA,44,NA,"Ciconiiformes","Sulidae","Morus","capensis","Gannet","Cape",18000,8000,4,314128,-32.089261,18.30181
"15",12345,502910,"32041818","32041818","Lamberts Bay: Bird Island","Western Cape","South Africa",NA,2013,2013-02-28,"O",08:00:00,09:00:00,2158,1,100,100,0,NA,4,0,17510,11,NA,"Accepted",NA,44,NA,"Ciconiiformes","Sulidae","Morus","capensis","Gannet","Cape",17000,0,0,270951,-32.089261,18.30181
"16",12215,502911,"32041818","32041818","Lamberts Bay: Bird Island","Western Cape","South Africa",NA,2013,2013-03-14,"O",08:00:00,08:55:00,2158,1,100,100,0,NA,4,0,17410,13,NA,"Accepted",NA,44,NA,"Ciconiiformes","Sulidae","Morus","capensis","Gannet","Cape",17000,8000,4,268199,-32.089261,18.30181
"17",14922,505695,"32041818","32041818","Lamberts Bay: Bird Island","Western Cape","South Africa",NA,2013,2013-03-21,"O",08:50:00,09:55:00,2158,1,90,0,0,NA,3,0,16552,12,"Roseate terms were spotted earlier in the month but not on the CWAC count day. Unusually no Tern species were roosting on the island during CWAC count, but many could be seen out to see, in their thousands.","Accepted",NA,44,NA,"Ciconiiformes","Sulidae","Morus","capensis","Gannet","Cape",16000,8000,4,314145,-32.089261,18.30181
"18",12346,502912,"32041818","32041818","Lamberts Bay: Bird Island","Western Cape","South Africa",NA,2013,2013-04-14,"O",09:00:00,10:00:00,2158,1,100,100,0,NA,4,0,756,13,NA,"Accepted",NA,44,NA,"Ciconiiformes","Sulidae","Morus","capensis","Gannet","Cape",200,0,0,270963,-32.089261,18.30181
"19",14917,505690,"32041818","32041818","Lamberts Bay: Bird Island","Western Cape","South Africa",NA,2013,2013-07-25,"O",10:00:00,11:00:00,2158,1,90,100,0,NA,1,0,17359,12,NA,"Accepted",NA,44,NA,"Ciconiiformes","Sulidae","Morus","capensis","Gannet","Cape",17000,8000,4,314080,-32.089261,18.30181
"20",12348,503026,"32041818","32041818","Lamberts Bay: Bird Island","Western Cape","South Africa",NA,2013,2013-07-30,"W",09:00:00,10:00:00,2158,1,100,100,0,NA,4,0,12597,12,NA,"Accepted",NA,44,NA,"Ciconiiformes","Sulidae","Morus","capensis","Gannet","Cape",12000,0,0,270982,-32.089261,18.30181
"21",14916,505689,"32041818","32041818","Lamberts Bay: Bird Island","Western Cape","South Africa",NA,2013,2013-08-23,"O",09:00:00,09:55:00,2158,1,90,0,0,NA,4,0,1524,11,NA,"Accepted",NA,44,NA,"Ciconiiformes","Sulidae","Morus","capensis","Gannet","Cape",1000,0,0,314069,-32.089261,18.30181
"22",14918,505691,"32041818","32041818","Lamberts Bay: Bird Island","Western Cape","South Africa",NA,2013,2013-10-30,"O",09:15:00,10:15:00,2158,1,90,100,0,NA,3,0,15290,13,NA,"Accepted",NA,44,NA,"Ciconiiformes","Sulidae","Morus","capensis","Gannet","Cape",15000,7000,4,314093,-32.089261,18.30181
"23",14919,505692,"32041818","32041818","Lamberts Bay: Bird Island","Western Cape","South Africa",NA,2013,2013-11-28,"O",09:00:00,10:00:00,2158,1,90,100,0,NA,4,0,17281,10,NA,"Accepted",NA,44,NA,"Ciconiiformes","Sulidae","Morus","capensis","Gannet","Cape",17000,8000,4,314105,-32.089261,18.30181
"24",14920,505693,"32041818","32041818","Lamberts Bay: Bird Island","Western Cape","South Africa",NA,2013,2013-12-26,"O",09:00:00,10:05:00,2158,1,90,100,0,NA,4,0,17486,12,NA,"Accepted",NA,44,NA,"Ciconiiformes","Sulidae","Morus","capensis","Gannet","Cape",17000,8000,4,314116,-32.089261,18.30181
"25",12962,503783,"32041818","32041818","Lamberts Bay: Bird Island","Western Cape","South Africa",NA,2014,2014-02-27,"S",11:15:00,12:30:00,2158,1,90,0,1,NA,3,0,18047,16,"Elegant Tern spotted on several occasions mid February. Photographs taken by several individuals","Accepted",NA,44,NA,"Ciconiiformes","Sulidae","Morus","capensis","Gannet","Cape",17000,8000,4,281796,-32.089261,18.30181
"26",14886,505659,"32041818","32041818","Lamberts Bay: Bird Island","Western Cape","South Africa",NA,2014,2014-04-24,"O",09:00:00,10:00:00,2158,1,90,0,0,NA,4,0,8680,12,NA,"Accepted",NA,44,NA,"Ciconiiformes","Sulidae","Morus","capensis","Gannet","Cape",8000,0,0,313664,-32.089261,18.30181
"27",14887,505660,"32041818","32041818","Lamberts Bay: Bird Island","Western Cape","South Africa",NA,2014,2014-05-10,"O",08:00:00,08:45:00,2158,1,90,0,0,NA,3,0,6554,17,NA,"Accepted",NA,44,NA,"Ciconiiformes","Sulidae","Morus","capensis","Gannet","Cape",300,0,0,313676,-32.089261,18.30181
"28",14889,505662,"32041818","32041818","Lamberts Bay: Bird Island","Western Cape","South Africa",NA,2014,2014-07-15,"W",10:00:00,11:00:00,2158,1,90,0,0,NA,4,0,6537,12,NA,"Accepted",NA,44,NA,"Ciconiiformes","Sulidae","Morus","capensis","Gannet","Cape",6000,0,0,313705,-32.089261,18.30181
"29",14954,505727,"32041818","32041818","Lamberts Bay: Bird Island","Western Cape","South Africa",NA,2014,2014-08-26,"O",NA,NA,2158,1,90,100,1,NA,3,0,18787,15,NA,"Accepted",NA,44,NA,"Ciconiiformes","Sulidae","Morus","capensis","Gannet","Cape",17000,NA,NA,314516,-32.089261,18.30181
"30",14890,505663,"32041818","32041818","Lamberts Bay: Bird Island","Western Cape","South Africa",NA,2014,2014-08-26,"O",11:00:00,12:00:00,2158,1,90,0,0,NA,3,0,18787,15,NA,"Accepted",NA,44,NA,"Ciconiiformes","Sulidae","Morus","capensis","Gannet","Cape",17000,0,0,313718,-32.089261,18.30181
"31",14892,505665,"32041818","32041818","Lamberts Bay: Bird Island","Western Cape","South Africa",NA,2014,2014-09-19,"O",09:00:00,10:15:00,2158,1,90,0,0,NA,3,0,7445,13,NA,"Accepted",NA,44,NA,"Ciconiiformes","Sulidae","Morus","capensis","Gannet","Cape",7000,0,4,313739,-32.089261,18.30181
"32",14893,505666,"32041818","32041818","Lamberts Bay: Bird Island","Western Cape","South Africa",NA,2014,2014-10-24,"O",11:00:00,12:05:00,2158,1,90,0,0,NA,3,0,17442,13,NA,"Accepted",NA,44,NA,"Ciconiiformes","Sulidae","Morus","capensis","Gannet","Cape",17000,0,4,313753,-32.089261,18.30181
"33",14894,505667,"32041818","32041818","Lamberts Bay: Bird Island","Western Cape","South Africa",NA,2014,2014-11-21,"O",09:00:00,10:00:00,2158,1,90,0,0,NA,4,0,2444,18,NA,"Accepted",NA,44,NA,"Ciconiiformes","Sulidae","Morus","capensis","Gannet","Cape",1700,19,4,313767,-32.089261,18.30181
"34",14895,505668,"32041818","32041818","Lamberts Bay: Bird Island","Western Cape","South Africa",NA,2014,2014-12-18,"O",10:00:00,11:30:00,2158,1,90,0,0,NA,4,0,8931,13,"Red-footed Booby present 10/12/2014 until 13/12/2014","Accepted",NA,44,NA,"Ciconiiformes","Sulidae","Morus","capensis","Gannet","Cape",8000,7000,4,313784,-32.089261,18.30181
"35",14896,505669,"32041818","32041818","Lamberts Bay: Bird Island","Western Cape","South Africa",NA,2015,2015-01-06,"S",12:30:00,13:45:00,2158,1,90,0,0,NA,4,0,10778,15,NA,"Accepted",NA,44,NA,"Ciconiiformes","Sulidae","Morus","capensis","Gannet","Cape",8000,7000,4,313812,-32.089261,18.30181
"36",14005,504892,"32041818","32041818","Lamberts Bay: Bird Island","Western Cape","South Africa",NA,2015,2015-02-27,"O",08:00:00,09:00:00,2158,1,90,0,0,NA,4,0,19494,12,NA,"Accepted",NA,44,NA,"Ciconiiformes","Sulidae","Morus","capensis","Gannet","Cape",16000,0,0,301737,-32.089261,18.30181
"37",14004,504891,"32041818","32041818","Lamberts Bay: Bird Island","Western Cape","South Africa",NA,2015,2015-03-27,"O",08:30:00,09:30:00,2158,1,90,0,0,NA,4,0,17109,17,NA,"Accepted",NA,44,NA,"Ciconiiformes","Sulidae","Morus","capensis","Gannet","Cape",16000,0,0,301720,-32.089261,18.30181
"38",14350,505279,"32041818","32041818","Lamberts Bay: Bird Island","Western Cape","South Africa",NA,2015,2015-04-24,"O",08:30:00,09:30:00,2158,1,90,0,0,NA,4,0,46100,14,NA,"Accepted",NA,44,NA,"Ciconiiformes","Sulidae","Morus","capensis","Gannet","Cape",15000,0,0,306412,-32.089261,18.30181
"39",14351,505280,"32041818","32041818","Lamberts Bay: Bird Island","Western Cape","South Africa",NA,2015,2015-05-29,"O",08:00:00,09:00:00,2158,1,90,0,0,NA,4,0,12507,13,NA,"Accepted",NA,44,NA,"Ciconiiformes","Sulidae","Morus","capensis","Gannet","Cape",12000,0,0,306427,-32.089261,18.30181
"40",14355,505284,"32041818","32041818","Lamberts Bay: Bird Island","Western Cape","South Africa",NA,2015,2015-06-26,"O",08:00:00,09:00:00,2158,1,90,0,0,NA,4,0,1619,17,NA,"Accepted",NA,44,NA,"Ciconiiformes","Sulidae","Morus","capensis","Gannet","Cape",500,0,0,306439,-32.089261,18.30181
"41",14904,505677,"32041818","32041818","Lamberts Bay: Bird Island","Western Cape","South Africa",NA,2015,2015-07-22,"W",10:00:00,11:00:00,2158,1,90,0,0,NA,4,0,4084,15,NA,"Accepted",NA,44,NA,"Ciconiiformes","Sulidae","Morus","capensis","Gannet","Cape",2000,0,0,313910,-32.089261,18.30181
"42",14905,505678,"32041818","32041818","Lamberts Bay: Bird Island","Western Cape","South Africa",NA,2015,2015-08-31,"O",12:00:00,13:00:00,2158,1,90,0,0,NA,3,0,16696,13,NA,"Accepted",NA,44,NA,"Ciconiiformes","Sulidae","Morus","capensis","Gannet","Cape",16000,0,0,313924,-32.089261,18.30181
"43",14906,505679,"32041818","32041818","Lamberts Bay: Bird Island","Western Cape","South Africa",NA,2015,2015-09-16,"O",08:00:00,09:00:00,2158,1,90,0,0,NA,4,0,2384,10,NA,"Accepted",NA,44,NA,"Ciconiiformes","Sulidae","Morus","capensis","Gannet","Cape",1700,0,0,313937,-32.089261,18.30181
"44",14907,505680,"32041818","32041818","Lamberts Bay: Bird Island","Western Cape","South Africa",NA,2015,2015-10-23,"O",08:00:00,09:00:00,2158,1,90,0,0,NA,4,0,24071,13,NA,"Accepted",NA,44,NA,"Ciconiiformes","Sulidae","Morus","capensis","Gannet","Cape",22000,8000,4,313947,-32.089261,18.30181
"45",14908,505681,"32041818","32041818","Lamberts Bay: Bird Island","Western Cape","South Africa",NA,2015,2015-11-30,"O",11:00:00,12:00:00,2158,1,90,0,0,NA,4,0,22957,17,NA,"Accepted",NA,44,NA,"Ciconiiformes","Sulidae","Morus","capensis","Gannet","Cape",20000,8000,4,313960,-32.089261,18.30181
"46",14909,505682,"32041818","32041818","Lamberts Bay: Bird Island","Western Cape","South Africa",NA,2015,2015-12-08,"O",08:00:00,09:00:00,2158,1,90,0,0,NA,3,0,17572,13,NA,"Accepted",NA,44,NA,"Ciconiiformes","Sulidae","Morus","capensis","Gannet","Cape",17000,7500,4,313977,-32.089261,18.30181
"47",14910,505683,"32041818","32041818","Lamberts Bay: Bird Island","Western Cape","South Africa",NA,2016,2016-01-06,"S",11:30:00,12:30:00,2158,1,100,0,0,NA,4,0,23288,11,NA,"Accepted",NA,44,NA,"Ciconiiformes","Sulidae","Morus","capensis","Gannet","Cape",22000,7500,4,313990,-32.089261,18.30181
"48",14911,505684,"32041818","32041818","Lamberts Bay: Bird Island","Western Cape","South Africa",NA,2016,2016-02-03,"S",14:00:00,15:00:00,2158,1,100,0,0,NA,3,0,21998,13,NA,"Accepted",NA,44,NA,"Ciconiiformes","Sulidae","Morus","capensis","Gannet","Cape",20000,7500,4,314002,-32.089261,18.30181
"49",14912,505685,"32041818","32041818","Lamberts Bay: Bird Island","Western Cape","South Africa",NA,2016,2016-03-10,"O",08:00:00,09:00:00,2158,1,100,0,0,NA,3,0,23368,11,NA,"Accepted",NA,44,NA,"Ciconiiformes","Sulidae","Morus","capensis","Gannet","Cape",23000,7500,4,314014,-32.089261,18.30181
"50",14913,505686,"32041818","32041818","Lamberts Bay: Bird Island","Western Cape","South Africa",NA,2016,2016-04-12,"O",01:03:00,11:30:00,2158,1,100,0,0,NA,3,0,6282,15,NA,"Accepted",NA,44,NA,"Ciconiiformes","Sulidae","Morus","capensis","Gannet","Cape",6000,3000,4,314027,-32.089261,18.30181
"51",14914,505687,"32041818","32041818","Lamberts Bay: Bird Island","Western Cape","South Africa",NA,2016,2016-05-19,"O",09:00:00,10:00:00,2158,1,100,0,0,NA,2,0,1419,15,"High seas","Accepted",NA,44,NA,"Ciconiiformes","Sulidae","Morus","capensis","Gannet","Cape",500,22,4,314042,-32.089261,18.30181
"52",15173,505931,"32041818","32041818","Lamberts Bay: Bird Island","Western Cape","South Africa",NA,2016,2016-06-15,"W",08:00:00,09:00:00,2158,1,100,0,0,NA,3,0,12293,11,"East wind conditions","Accepted",NA,44,NA,"Ciconiiformes","Sulidae","Morus","capensis","Gannet","Cape",9000,0,0,317942,-32.089261,18.30181
"53",15225,505980,"32041818","32041818","Lamberts Bay: Bird Island","Western Cape","South Africa",NA,2016,2016-07-13,"W",08:00:00,09:00:00,2158,1,100,0,0,NA,2,0,12443,12,NA,"Accepted",NA,44,NA,"Ciconiiformes","Sulidae","Morus","capensis","Gannet","Cape",9000,0,0,318533,-32.089261,18.30181
"54",15222,505977,"32041818","32041818","Lamberts Bay: Bird Island","Western Cape","South Africa",NA,2016,2016-08-16,"W",10:00:00,11:00:00,2158,1,100,0,0,NA,4,0,17953,13,NA,"Accepted",NA,44,NA,"Ciconiiformes","Sulidae","Morus","capensis","Gannet","Cape",17000,0,0,318496,-32.089261,18.30181
"55",15220,505975,"32041818","32041818","Lamberts Bay: Bird Island","Western Cape","South Africa",NA,2016,2016-09-27,"O",08:00:00,09:00:00,2158,1,100,0,0,NA,3,0,18659,15,NA,"Accepted",NA,44,NA,"Ciconiiformes","Sulidae","Morus","capensis","Gannet","Cape",18000,0,0,318470,-32.089261,18.30181
"56",15216,505971,"32041818","32041818","Lamberts Bay: Bird Island","Western Cape","South Africa",NA,2016,2016-10-20,"O",08:00:00,09:00:00,2158,1,100,0,0,NA,3,0,19479,15,NA,"Accepted",NA,44,NA,"Ciconiiformes","Sulidae","Morus","capensis","Gannet","Cape",19000,7500,4,318425,-32.089261,18.30181
"57",15213,505968,"32041818","32041818","Lamberts Bay: Bird Island","Western Cape","South Africa",NA,2016,2016-11-23,"O",08:00:00,09:00:00,2158,1,100,0,0,NA,3,0,17728,12,NA,"Accepted",NA,44,NA,"Ciconiiformes","Sulidae","Morus","capensis","Gannet","Cape",17000,7500,4,318387,-32.089261,18.30181
"58",15277,506012,"32041818","32041818","Lamberts Bay: Bird Island","Western Cape","South Africa",NA,2016,2016-12-22,"O",07:00:00,08:00:00,2158,1,100,0,0,NA,3,0,19237,14,NA,"Accepted",NA,44,NA,"Ciconiiformes","Sulidae","Morus","capensis","Gannet","Cape",19000,7500,4,319034,-32.089261,18.30181
"59",15540,506262,"32041818","32041818","Lamberts Bay: Bird Island","Western Cape","South Africa",NA,2017,2017-01-26,"S",09:00:00,10:00:00,2158,1,100,0,0,NA,4,0,19750,14,NA,"Accepted",NA,44,NA,"Ciconiiformes","Sulidae","Morus","capensis","Gannet","Cape",19000,0,4,323148,-32.089261,18.30181
"60",15680,506396,"32041818","32041818","Lamberts Bay: Bird Island","Western Cape","South Africa",NA,2017,2017-02-17,"S",08:00:00,09:00:00,2158,1,100,0,0,NA,4,0,29460,15,NA,"Accepted",NA,44,NA,"Ciconiiformes","Sulidae","Morus","capensis","Gannet","Cape",19000,7500,4,325716,-32.089261,18.30181
"61",15685,506401,"32041818","32041818","Lamberts Bay: Bird Island","Western Cape","South Africa",NA,2017,2017-03-09,"O",07:45:00,09:15:00,2158,1,100,0,0,NA,4,0,31609,16,NA,"Accepted",NA,44,NA,"Ciconiiformes","Sulidae","Morus","capensis","Gannet","Cape",18000,2500,0,325848,-32.089261,18.30181
"62",15743,506456,"32041818","32041818","Lamberts Bay: Bird Island","Western Cape","South Africa",NA,2017,2017-04-11,"O",09:00:00,10:00:00,2158,1,100,0,0,NA,3,0,10208,14,NA,"Accepted",NA,44,NA,"Ciconiiformes","Sulidae","Morus","capensis","Gannet","Cape",10000,200,0,326838,-32.089261,18.30181
"63",15765,506477,"32041818","32041818","Lamberts Bay: Bird Island","Western Cape","South Africa",NA,2017,2017-05-10,"O",08:00:00,09:00:00,2158,1,100,0,0,NA,4,0,483,14,NA,"Accepted",NA,44,NA,"Ciconiiformes","Sulidae","Morus","capensis","Gannet","Cape",150,60,4,327244,-32.089261,18.30181
"64",15825,506535,"32041818","32041818","Lamberts Bay: Bird Island","Western Cape","South Africa",NA,2017,2017-07-11,"W",08:00:00,09:00:00,2158,1,100,0,0,NA,4,0,14555,13,NA,"Accepted",NA,44,NA,"Ciconiiformes","Sulidae","Morus","capensis","Gannet","Cape",14000,0,0,328197,-32.089261,18.30181
"65",15911,506614,"32041818","32041818","Lamberts Bay: Bird Island","Western Cape","South Africa",NA,2017,2017-08-10,"W",08:00:00,09:00:00,2158,1,100,0,0,NA,3,0,12527,15,NA,"Accepted",NA,44,NA,"Ciconiiformes","Sulidae","Morus","capensis","Gannet","Cape",12000,0,0,329532,-32.089261,18.30181
"66",15935,506635,"32041818","32041818","Lamberts Bay: Bird Island","Western Cape","South Africa",NA,2017,2017-09-12,"W",09:00:00,10:00:00,2158,0,100,0,0,NA,3,0,15291,13,NA,"Accepted",NA,44,NA,"Ciconiiformes","Sulidae","Morus","capensis","Gannet","Cape",15000,0,0,329858,-32.089261,18.30181
"67",15999,506698,"32041818","32041818","Lamberts Bay: Bird Island","Western Cape","South Africa",NA,2017,2017-10-05,"O",08:00:00,09:00:00,2158,1,100,0,0,NA,3,0,15413,17,NA,"Accepted",NA,44,NA,"Ciconiiformes","Sulidae","Morus","capensis","Gannet","Cape",15000,5000,4,331231,-32.089261,18.30181
"68",16064,506759,"32041818","32041818","Lamberts Bay: Bird Island","Western Cape","South Africa",NA,2017,2017-11-09,"O",11:00:00,12:00:00,2158,1,100,0,0,NA,4,0,20698,18,NA,"Accepted",NA,44,NA,"Ciconiiformes","Sulidae","Morus","capensis","Gannet","Cape",20000,7000,4,332217,-32.089261,18.30181
"69",16076,506769,"32041818","32041818","Lamberts Bay: Bird Island","Western Cape","South Africa",NA,2017,2017-12-07,"O",08:00:00,09:00:00,2158,1,100,0,0,NA,3,0,19824,19,NA,"Accepted",NA,44,NA,"Ciconiiformes","Sulidae","Morus","capensis","Gannet","Cape",19000,7000,4,332376,-32.089261,18.30181
"70",16091,506783,"32041818","32041818","Lamberts Bay: Bird Island","Western Cape","South Africa",NA,2018,2018-01-12,"S",10:00:00,11:00:00,2158,1,100,0,0,NA,4,0,25843,17,NA,"Accepted",NA,44,NA,"Ciconiiformes","Sulidae","Morus","capensis","Gannet","Cape",23000,7000,4,332694,-32.089261,18.30181
"71",16162,506851,"32041818","32041818","Lamberts Bay: Bird Island","Western Cape","South Africa",NA,2018,2018-02-06,"S",10:00:00,11:00:00,2158,1,100,0,0,NA,3,0,21881,20,NA,"Accepted",NA,44,NA,"Ciconiiformes","Sulidae","Morus","capensis","Gannet","Cape",18000,7000,4,333820,-32.089261,18.30181
"72",16298,506982,"32041818","32041818","Lamberts Bay: Bird Island","Western Cape","South Africa",NA,2018,2018-03-14,"O",10:00:00,11:00:00,2158,1,100,0,0,NA,3,0,27986,20,NA,"Accepted",NA,44,NA,"Ciconiiformes","Sulidae","Morus","capensis","Gannet","Cape",19000,7000,4,336490,-32.089261,18.30181
"73",16351,507035,"32041818","32041818","Lamberts Bay: Bird Island","Western Cape","South Africa",NA,2018,2018-04-14,"O",09:00:00,10:00:00,2158,1,100,0,0,NA,2,0,16442,19,NA,"Accepted",NA,44,NA,"Ciconiiformes","Sulidae","Morus","capensis","Gannet","Cape",16000,1000,4,337221,-32.089261,18.30181
"74",16343,507027,"32041818","32041818","Lamberts Bay: Bird Island","Western Cape","South Africa",NA,2018,2018-04-17,"O",09:00:00,10:00:00,2158,1,100,0,0,NA,2,0,16442,19,NA,"Accepted",NA,44,NA,"Ciconiiformes","Sulidae","Morus","capensis","Gannet","Cape",16000,1000,4,337046,-32.089261,18.30181
"75",16357,507041,"32041818","32041818","Lamberts Bay: Bird Island","Western Cape","South Africa",NA,2018,2018-05-09,"O",08:30:00,09:30:00,2158,1,100,0,0,NA,3,0,30889,16,NA,"Accepted",NA,44,NA,"Ciconiiformes","Sulidae","Morus","capensis","Gannet","Cape",400,120,4,337304,-32.089261,18.30181
"76",16378,507061,"32041818","32041818","Lamberts Bay: Bird Island","Western Cape","South Africa",NA,2018,2018-06-22,"W",09:00:00,10:00:00,2158,1,100,0,0,NA,3,0,40576,13,NA,"Accepted",NA,44,NA,"Ciconiiformes","Sulidae","Morus","capensis","Gannet","Cape",200,0,0,337600,-32.089261,18.30181
"77",16435,507118,"32041818","32041818","Lamberts Bay: Bird Island","Western Cape","South Africa",NA,2018,2018-07-24,"W",08:00:00,09:00:00,2158,1,100,0,0,NA,4,1,19313,13,NA,"Accepted",NA,44,NA,"Ciconiiformes","Sulidae","Morus","capensis","Gannet","Cape",14000,0,0,338589,-32.089261,18.30181
"78",16570,507248,"32041818","32041818","Lamberts Bay: Bird Island","Western Cape","South Africa",NA,2018,2018-08-14,"O",09:00:00,10:00:00,2158,1,100,0,0,NA,3,0,26418,12,NA,"Accepted",NA,44,NA,"Ciconiiformes","Sulidae","Morus","capensis","Gannet","Cape",16000,0,0,340959,-32.089261,18.30181
"79",16643,507317,"32041818","32041818","Lamberts Bay: Bird Island","Western Cape","South Africa",NA,2018,2018-09-14,"O",08:00:00,09:00:00,2158,1,100,0,0,NA,4,0,47545,15,NA,"Accepted",NA,44,NA,"Ciconiiformes","Sulidae","Morus","capensis","Gannet","Cape",17000,0,0,342069,-32.089261,18.30181
"80",16760,507429,"32041818","32041818","Lamberts Bay: Bird Island","Western Cape","South Africa",NA,2018,2018-10-31,"O",14:00:00,15:00:00,2158,1,100,0,0,NA,4,0,17320,17,NA,"Accepted",NA,44,NA,"Ciconiiformes","Sulidae","Morus","capensis","Gannet","Cape",16000,2000,4,344001,-32.089261,18.30181
"81",16795,507459,"32041818","32041818","Lamberts Bay: Bird Island","Western Cape","South Africa",NA,2018,2018-11-21,"O",08:30:00,09:30:00,2158,1,100,0,0,NA,4,0,20859,15,NA,"Accepted",NA,44,NA,"Ciconiiformes","Sulidae","Morus","capensis","Gannet","Cape",20000,3000,4,344555,-32.089261,18.30181
"82",16888,507552,"32041818","32041818","Lamberts Bay: Bird Island","Western Cape","South Africa",NA,2018,2018-12-28,"O",07:00:00,09:00:00,2158,1,100,0,0,NA,4,0,19711,17,NA,"Accepted",NA,44,NA,"Ciconiiformes","Sulidae","Morus","capensis","Gannet","Cape",19000,5000,4,346622,-32.089261,18.30181
"83",16907,507571,"32041818","32041818","Lamberts Bay: Bird Island","Western Cape","South Africa",NA,2019,2019-01-17,"S",10:30:00,11:30:00,2158,1,100,0,0,NA,3,0,20686,17,NA,"Accepted",NA,44,NA,"Ciconiiformes","Sulidae","Morus","capensis","Gannet","Cape",20000,6000,4,347008,-32.089261,18.30181
"84",16967,507631,"32041818","32041818","Lamberts Bay: Bird Island","Western Cape","South Africa",NA,2019,2019-02-15,"S",11:00:00,12:00:00,2158,1,100,0,0,NA,3,0,20511,19,NA,"Accepted",NA,44,NA,"Ciconiiformes","Sulidae","Morus","capensis","Gannet","Cape",20000,7000,0,348482,-32.089261,18.30181
"85",17011,507674,"32041818","32041818","Lamberts Bay: Bird Island","Western Cape","South Africa",NA,2019,2019-03-07,"O",11:00:00,12:00:00,2158,1,0,0,0,NA,3,0,20512,19,NA,"Accepted",NA,44,NA,"Ciconiiformes","Sulidae","Morus","capensis","Gannet","Cape",20000,7000,0,349236,-32.089261,18.30181
"86",17024,507687,"32041818","32041818","Lamberts Bay: Bird Island","Western Cape","South Africa",NA,2019,2019-03-13,"O",13:00:00,14:00:00,2158,1,100,0,0,NA,3,0,26859,16,NA,"Accepted",NA,44,NA,"Ciconiiformes","Sulidae","Morus","capensis","Gannet","Cape",20000,6000,4,349475,-32.089261,18.30181
"87",17028,507691,"32041818","32041818","Lamberts Bay: Bird Island","Western Cape","South Africa",NA,2019,2019-04-16,"O",08:00:00,09:00:00,2158,1,100,0,0,NA,5,0,38562,17,NA,"Accepted",NA,44,NA,"Ciconiiformes","Sulidae","Morus","capensis","Gannet","Cape",8000,1000,4,349522,-32.089261,18.30181
"88",17101,507761,"32041818","32041818","Lamberts Bay: Bird Island","Western Cape","South Africa",NA,2019,2019-06-26,"W",10:30:00,11:30:00,2158,1,100,0,0,NA,3,0,10999,15,NA,"Accepted",NA,44,NA,"Ciconiiformes","Sulidae","Morus","capensis","Gannet","Cape",200,0,0,350342,-32.089261,18.30181
"89",17122,507781,"32041818","32041818","Lamberts Bay: Bird Island","Western Cape","South Africa",NA,2019,2019-07-18,"W",09:00:00,10:00:00,2158,1,100,0,0,NA,3,0,28437,16,NA,"Accepted",NA,44,NA,"Ciconiiformes","Sulidae","Morus","capensis","Gannet","Cape",8000,0,0,350797,-32.089261,18.30181
"90",17340,507990,"32041818","32041818","Lamberts Bay: Bird Island","Western Cape","South Africa",NA,2019,2019-08-30,"W",11:00:00,12:00:00,2158,1,100,0,0,NA,3,0,16946,16,NA,"Accepted",NA,44,NA,"Ciconiiformes","Sulidae","Morus","capensis","Gannet","Cape",16000,0,0,355019,-32.089261,18.30181
"91",17444,508091,"32041818","32041818","Lamberts Bay: Bird Island","Western Cape","South Africa",NA,2019,2019-09-30,"O",13:00:00,14:00:00,2158,0,100,0,0,NA,3,0,20194,16,NA,"Accepted",NA,44,NA,"Ciconiiformes","Sulidae","Morus","capensis","Gannet","Cape",18000,0,0,357511,-32.089261,18.30181
"92",17457,508104,"32041818","32041818","Lamberts Bay: Bird Island","Western Cape","South Africa",NA,2019,2019-10-31,"O",10:30:00,11:30:00,2158,1,100,0,0,NA,4,0,20334,16,NA,"Accepted",NA,44,NA,"Ciconiiformes","Sulidae","Morus","capensis","Gannet","Cape",19000,0,0,357780,-32.089261,18.30181
"93",17473,508120,"32041818","32041818","Lamberts Bay: Bird Island","Western Cape","South Africa",NA,2019,2019-11-19,"O",10:30:00,11:30:00,2158,1,100,0,0,NA,3,0,16355,18,NA,"Accepted",NA,44,NA,"Ciconiiformes","Sulidae","Morus","capensis","Gannet","Cape",15000,5000,4,358077,-32.089261,18.30181
"94",17484,508131,"32041818","32041818","Lamberts Bay: Bird Island","Western Cape","South Africa",NA,2019,2019-12-27,"O",10:00:00,11:00:00,2158,1,100,0,0,NA,4,0,26748,17,NA,"Accepted",NA,44,NA,"Ciconiiformes","Sulidae","Morus","capensis","Gannet","Cape",24000,7000,4,358171,-32.089261,18.30181
"95",17603,508244,"32041818","32041818","Lamberts Bay: Bird Island","Western Cape","South Africa",NA,2020,2020-01-22,"S",12:00:00,13:00:00,2158,1,100,0,0,NA,3,0,27517,13,NA,"Accepted",NA,44,NA,"Ciconiiformes","Sulidae","Morus","capensis","Gannet","Cape",22000,7000,4,360253,-32.089261,18.30181
"96",17661,508291,"32041818","32041818","Lamberts Bay: Bird Island","Western Cape","South Africa",NA,2020,2020-02-14,"S",08:00:00,09:00:00,2158,1,100,0,0,NA,3,0,30513,15,NA,"Accepted",NA,44,NA,"Ciconiiformes","Sulidae","Morus","capensis","Gannet","Cape",24000,7000,4,361127,-32.089261,18.30181
"97",17891,508505,"32041818","32041818","Lamberts Bay: Bird Island","Western Cape","South Africa",NA,2020,2020-03-20,"O",09:00:00,10:00:00,2158,1,80,100,0,NA,2,0,57572,14,NA,"Accepted",NA,44,NA,"Ciconiiformes","Sulidae","Morus","capensis","Gannet","Cape",24000,7000,4,364514,-32.089261,18.30181
"98",17894,508508,"32041818","32041818","Lamberts Bay: Bird Island","Western Cape","South Africa",NA,2020,2020-04-28,"O",11:00:00,12:00:00,2158,1,100,0,0,NA,3,0,38379,16,NA,"Accepted",NA,44,NA,"Ciconiiformes","Sulidae","Morus","capensis","Gannet","Cape",18000,1000,4,364548,-32.089261,18.30181
"99",17896,508510,"32041818","32041818","Lamberts Bay: Bird Island","Western Cape","South Africa",NA,2020,2020-05-21,"O",08:00:00,09:00:00,2158,1,100,0,0,NA,3,0,37996,15,NA,"Accepted",NA,44,NA,"Ciconiiformes","Sulidae","Morus","capensis","Gannet","Cape",17000,70,4,364572,-32.089261,18.30181
"100",17906,508520,"32041818","32041818","Lamberts Bay: Bird Island","Western Cape","South Africa",NA,2020,2020-06-15,"W",08:30:00,09:30:00,2158,1,100,0,0,NA,3,0,1284,15,NA,"Accepted",NA,44,NA,"Ciconiiformes","Sulidae","Morus","capensis","Gannet","Cape",300,0,0,364889,-32.089261,18.30181
"101",18000,508612,"32041818","32041818","Lamberts Bay: Bird Island","Western Cape","South Africa",NA,2020,2020-07-20,"W",08:30:00,09:30:00,2158,1,100,100,0,NA,5,0,45548,13,NA,"Accepted",NA,44,NA,"Ciconiiformes","Sulidae","Morus","capensis","Gannet","Cape",15000,0,0,367170,-32.089261,18.30181
"102",18138,508696,"32041818","32041818","Lamberts Bay: Bird Island","Western Cape","South Africa",NA,2020,2020-08-19,"W",09:30:00,10:30:00,2158,1,100,100,0,NA,4,0,13584,15,NA,"Accepted",NA,44,NA,"Ciconiiformes","Sulidae","Morus","capensis","Gannet","Cape",13000,0,0,368679,-32.089261,18.30181
"103",18155,508710,"32041818","32041818","Lamberts Bay: Bird Island","Western Cape","South Africa",NA,2020,2020-09-18,"O",09:00:00,10:00:00,2158,1,100,100,0,NA,3,0,17899,15,NA,"Accepted",NA,44,NA,"Ciconiiformes","Sulidae","Morus","capensis","Gannet","Cape",17000,0,0,368855,-32.089261,18.30181
"104",18167,508721,"32041818","32041818","Lamberts Bay: Bird Island","Western Cape","South Africa",NA,2020,2020-10-12,"O",08:30:00,09:30:00,2158,1,100,100,0,NA,4,0,23862,18,NA,"Accepted",NA,44,NA,"Ciconiiformes","Sulidae","Morus","capensis","Gannet","Cape",23000,0,0,369117,-32.089261,18.30181
"105",18197,508748,"32041818","32041818","Lamberts Bay: Bird Island","Western Cape","South Africa",NA,2020,2020-11-27,"O",14:00:00,15:00:00,2158,1,100,100,0,NA,4,0,20940,14,NA,"Accepted",NA,44,NA,"Ciconiiformes","Sulidae","Morus","capensis","Gannet","Cape",20000,4000,4,369513,-32.089261,18.30181
"106",18279,508827,"32041818","32041818","Lamberts Bay: Bird Island","Western Cape","South Africa",NA,2020,2020-12-23,"S",12:00:00,13:30:00,2158,1,100,100,0,NA,3,0,20553,19,NA,"Accepted",NA,44,NA,"Ciconiiformes","Sulidae","Morus","capensis","Gannet","Cape",20000,5000,4,370166,-32.089261,18.30181
"107",18297,508844,"32041818","32041818","Lamberts Bay: Bird Island","Western Cape","South Africa",NA,2021,2021-01-13,"S",09:00:00,11:00:00,2158,0,100,100,0,NA,0,0,47498,18,NA,"Accepted",NA,44,NA,"Ciconiiformes","Sulidae","Morus","capensis","Gannet","Cape",25000,6000,4,370346,-32.089261,18.30181
"108",18398,508939,"32041818","32041818","Lamberts Bay: Bird Island","Western Cape","South Africa",NA,2021,2021-02-09,"S",11:00:00,12:30:00,2158,1,100,100,0,NA,3,0,66115,19,NA,"Accepted",NA,44,NA,"Ciconiiformes","Sulidae","Morus","capensis","Gannet","Cape",25000,6000,4,371973,-32.089261,18.30181
"109",18492,509028,"32041818","32041818","Lamberts Bay: Bird Island","Western Cape","South Africa",NA,2021,2021-03-30,"O",08:30:00,10:15:00,2158,1,100,100,0,NA,3,0,20380,14,NA,"Accepted",NA,44,NA,"Ciconiiformes","Sulidae","Morus","capensis","Gannet","Cape",20000,7500,4,373372,-32.089261,18.30181
"110",18514,509050,"32041818","32041818","Lamberts Bay: Bird Island","Western Cape","South Africa",NA,2021,2021-04-30,"O",09:00:00,11:00:00,2158,1,100,100,0,NA,4,0,4353,20,NA,"Accepted",NA,44,NA,"Ciconiiformes","Sulidae","Morus","capensis","Gannet","Cape",2000,150,4,373751,-32.089261,18.30181
"111",18521,509057,"32041818","32041818","Lamberts Bay: Bird Island","Western Cape","South Africa",NA,2021,2021-05-31,"O",09:00:00,11:00:00,2158,1,100,100,0,NA,3,0,5508,13,NA,"Accepted",NA,44,NA,"Ciconiiformes","Sulidae","Morus","capensis","Gannet","Cape",0,0,0,373817,-32.089261,18.30181
"112",18528,509060,"32041818","32041818","Lamberts Bay: Bird Island","Western Cape","South Africa",NA,2021,2021-06-11,"W",10:00:00,11:30:00,2158,1,100,100,0,NA,3,0,885,14,NA,"Accepted",NA,44,NA,"Ciconiiformes","Sulidae","Morus","capensis","Gannet","Cape",100,0,0,373854,-32.089261,18.30181
"113",18561,509093,"32041818","32041818","Lamberts Bay: Bird Island","Western Cape","South Africa",NA,2021,2021-07-20,"W",12:00:00,13:00:00,2158,1,100,100,0,NA,2,0,16692,13,NA,"Accepted",NA,44,NA,"Ciconiiformes","Sulidae","Morus","capensis","Gannet","Cape",16000,0,0,374441,-32.089261,18.30181
"114",18689,509215,"32041818","32041818","Lamberts Bay: Bird Island","Western Cape","South Africa",NA,2021,2021-08-31,"O",08:30:00,09:30:00,2158,1,100,100,0,NA,2,0,16914,14,NA,"Accepted",NA,44,NA,"Ciconiiformes","Sulidae","Morus","capensis","Gannet","Cape",16000,0,0,376228,-32.089261,18.30181
"115",18738,509259,"32041818","32041818","Lamberts Bay: Bird Island","Western Cape","South Africa",NA,2021,2021-09-30,"O",07:30:00,08:30:00,2158,1,100,100,0,NA,4,0,24588,14,NA,"Accepted",NA,44,NA,"Ciconiiformes","Sulidae","Morus","capensis","Gannet","Cape",24000,0,0,376684,-32.089261,18.30181
"116",18755,509274,"32041818","32041818","Lamberts Bay: Bird Island","Western Cape","South Africa",NA,2021,2021-10-22,"O",08:30:00,10:00:00,2158,1,100,100,0,NA,2,0,21602,15,NA,"Accepted",NA,44,NA,"Ciconiiformes","Sulidae","Morus","capensis","Gannet","Cape",21000,0,0,376951,-32.089261,18.30181
"117",18783,509301,"32041818","32041818","Lamberts Bay: Bird Island","Western Cape","South Africa",NA,2021,2021-11-23,"O",09:00:00,10:30:00,2158,1,100,100,0,NA,4,0,22659,14,NA,"Accepted",NA,44,NA,"Ciconiiformes","Sulidae","Morus","capensis","Gannet","Cape",22000,0,4,377435,-32.089261,18.30181
"118",18807,509325,"32041818","32041818","Lamberts Bay: Bird Island","Western Cape","South Africa",NA,2021,2021-12-20,"O",09:00:00,11:30:00,2158,1,100,100,0,NA,3,0,26061,16,NA,"Accepted",NA,44,NA,"Ciconiiformes","Sulidae","Morus","capensis","Gannet","Cape",24000,0,0,377732,-32.089261,18.30181
"119",18854,509366,"32041818","32041818","Lamberts Bay: Bird Island","Western Cape","South Africa",NA,2022,2022-01-27,"S",09:00:00,10:30:00,2158,1,100,100,0,NA,3,0,27469,17,NA,"Accepted",NA,44,NA,"Ciconiiformes","Sulidae","Morus","capensis","Gannet","Cape",26000,8000,4,378302,-32.089261,18.30181
"120",18983,509484,"32041818","32041818","Lamberts Bay: Bird Island","Western Cape","South Africa",NA,2022,2022-02-25,"S",09:00:00,10:30:00,2158,1,100,100,0,NA,2,0,26671,12,NA,"Accepted",NA,44,NA,"Ciconiiformes","Sulidae","Morus","capensis","Gannet","Cape",26000,8000,4,380125,-32.089261,18.30181
"121",19027,509526,"32041818","32041818","Lamberts Bay: Bird Island","Western Cape","South Africa",NA,2022,2022-03-24,"O",13:00:00,14:30:00,2158,1,100,100,0,FALSE,3,0,24642,14,NA,"Accepted",NA,44,NA,"Ciconiiformes","Sulidae","Morus","capensis","Gannet","Cape",22000,3000,4,380779,-32.089261,18.30181
"122",19066,509563,"32041818","32041818","Lamberts Bay: Bird Island","Western Cape","South Africa",NA,2022,2022-04-30,"O",08:30:00,09:30:00,2158,1,100,100,0,FALSE,3,0,36439,17,NA,"Accepted",NA,44,NA,"Ciconiiformes","Sulidae","Morus","capensis","Gannet","Cape",15000,150,4,381392,-32.089261,18.30181
"123",19071,509568,"32041818","32041818","Lamberts Bay: Bird Island","Western Cape","South Africa",NA,2022,2022-05-26,"O",08:00:00,09:00:00,2158,1,100,100,0,FALSE,2,0,30741,16,NA,"Accepted",NA,44,NA,"Ciconiiformes","Sulidae","Morus","capensis","Gannet","Cape",250,60,4,381431,-32.089261,18.30181
"124",19076,509573,"32041818","32041818","Lamberts Bay: Bird Island","Western Cape","South Africa",NA,2022,2022-06-30,"W",10:00:00,11:30:00,2158,1,100,100,0,FALSE,2,0,798,12,NA,"Accepted",NA,44,NA,"Ciconiiformes","Sulidae","Morus","capensis","Gannet","Cape",400,0,0,381500,-32.089261,18.30181
"125",19161,509658,"32041818","32041818","Lamberts Bay: Bird Island","Western Cape","South Africa",NA,2022,2022-07-29,"W",09:00:00,10:00:00,2158,1,100,100,0,FALSE,2,0,17280,16,NA,"Accepted",NA,44,NA,"Ciconiiformes","Sulidae","Morus","capensis","Gannet","Cape",17000,0,0,382764,-32.089261,18.30181
"126",19221,509717,"32041818","32041818","Lamberts Bay: Bird Island","Western Cape","South Africa",NA,2022,2022-08-22,"W",08:30:00,09:30:00,2158,1,100,100,0,FALSE,4,0,18524,19,NA,"Accepted",NA,44,NA,"Ciconiiformes","Sulidae","Morus","capensis","Gannet","Cape",18000,0,0,383623,-32.089261,18.30181
"127",19299,509794,"32041818","32041818","Lamberts Bay: Bird Island","Western Cape","South Africa",NA,2022,2022-09-27,"O",08:30:00,09:30:00,2158,1,100,100,0,FALSE,4,0,22742,17,NA,"Accepted",NA,44,NA,"Ciconiiformes","Sulidae","Morus","capensis","Gannet","Cape",22000,0,0,384710,-32.089261,18.30181
"128",19338,509833,"32041818","32041818","Lamberts Bay: Bird Island","Western Cape","South Africa",NA,2022,2022-10-31,"O",10:30:00,11:30:00,2158,1,100,100,0,FALSE,4,0,35576,16,NA,"Accepted",NA,44,NA,"Ciconiiformes","Sulidae","Morus","capensis","Gannet","Cape",25000,0,0,385159,-32.089261,18.30181
"129",19361,509856,"32041818","32041818","Lamberts Bay: Bird Island","Western Cape","South Africa",NA,2022,2022-11-30,"O",09:30:00,10:30:00,2158,1,100,100,0,FALSE,3,0,29019,18,NA,"Accepted",NA,44,NA,"Ciconiiformes","Sulidae","Morus","capensis","Gannet","Cape",28000,5000,4,385578,-32.089261,18.30181
"130",19434,509927,"32041818","32041818","Lamberts Bay: Bird Island","Western Cape","South Africa",NA,2022,2022-12-28,"S",09:00:00,10:30:00,2158,1,100,100,0,FALSE,2,0,33604,16,NA,"Accepted",NA,44,NA,"Ciconiiformes","Sulidae","Morus","capensis","Gannet","Cape",33000,6000,4,386974,-32.089261,18.30181
"131",19440,509933,"32041818","32041818","Lamberts Bay: Bird Island","Western Cape","South Africa",NA,2023,2023-01-25,"S",09:00:00,10:30:00,2158,1,100,100,0,FALSE,4,0,45503,17,"HIGHEST NUMBER OF GANNETS IN 16 YEARS.","Accepted",NA,44,NA,"Ciconiiformes","Sulidae","Morus","capensis","Gannet","Cape",40000,6000,4,387090,-32.089261,18.30181
"132",19505,509997,"32041818","32041818","Lamberts Bay: Bird Island","Western Cape","South Africa",NA,2023,2023-02-28,"S",08:30:00,10:00:00,2158,1,100,100,0,FALSE,4,0,33597,19,NA,"Accepted",NA,44,NA,"Ciconiiformes","Sulidae","Morus","capensis","Gannet","Cape",22000,8000,4,388148,-32.089261,18.30181
"133",19578,510066,"32041818","32041818","Lamberts Bay: Bird Island","Western Cape","South Africa",NA,2023,2023-03-13,"O",11:30:00,12:30:00,2158,1,100,100,0,FALSE,3,0,32758,20,NA,"Accepted",NA,44,NA,"Ciconiiformes","Sulidae","Morus","capensis","Gannet","Cape",22000,5000,4,389380,-32.089261,18.30181
"134",19581,510069,"32041818","32041818","Lamberts Bay: Bird Island","Western Cape","South Africa",NA,2023,2023-05-12,"O",09:00:00,10:00:00,13446,1,100,100,0,FALSE,3,0,11218,8,NA,"Accepted",NA,44,NA,"Ciconiiformes","Sulidae","Morus","capensis","Gannet","Cape",10000,1000,4,389417,-32.089261,18.30181
"135",19591,510079,"32041818","32041818","Lamberts Bay: Bird Island","Western Cape","South Africa",NA,2023,2023-06-23,"W",12:00:00,13:00:00,2158,1,100,100,0,FALSE,2,0,442,14,"the 50 lesser flamingoes flew over the island at time of count.","Accepted",NA,44,NA,"Ciconiiformes","Sulidae","Morus","capensis","Gannet","Cape",15,1,4,389530,-32.089261,18.30181
"136",19679,510166,"32041818","32041818","Lamberts Bay: Bird Island","Western Cape","South Africa",NA,2023,2023-07-28,"W",09:30:00,10:30:00,2158,1,100,100,0,FALSE,2,0,15083,11,NA,"Accepted",NA,44,NA,"Ciconiiformes","Sulidae","Morus","capensis","Gannet","Cape",10000,0,0,391193,-32.089261,18.30181
"137",19759,510246,"32041818","32041818","Lamberts Bay: Bird Island","Western Cape","South Africa",NA,2023,2023-08-31,"W",08:00:00,09:00:00,2158,1,100,100,0,FALSE,2,0,20285,15,NA,"Accepted",NA,44,NA,"Ciconiiformes","Sulidae","Morus","capensis","Gannet","Cape",18000,0,0,392678,-32.089261,18.30181
"138",19806,510292,"32041818","32041818","Lamberts Bay: Bird Island","Western Cape","South Africa",NA,2023,2023-09-14,"O",08:00:00,09:00:00,2158,1,100,100,0,FALSE,3,0,20375,16,"one australasian gannet with ring.
9A14672","Accepted",NA,44,NA,"Ciconiiformes","Sulidae","Morus","capensis","Gannet","Cape",20000,0,0,393187,-32.089261,18.30181
"139",19812,510298,"32041818","32041818","Lamberts Bay: Bird Island","Western Cape","South Africa",NA,2023,2023-10-06,"O",09:00:00,10:00:00,2158,1,100,100,0,FALSE,3,0,20817,16,"All white breasted cormorants unfortunately migrated to factory roof in harbour to breed, therefore out of CWAC area.","Accepted",NA,44,NA,"Ciconiiformes","Sulidae","Morus","capensis","Gannet","Cape",20000,0,0,393291,-32.089261,18.30181
"140",19870,510355,"32041818","32041818","Lamberts Bay: Bird Island","Western Cape","South Africa",NA,2023,2023-11-20,"O",08:00:00,09:00:00,2158,1,100,100,0,NA,2,0,20408,17,NA,"Accepted",NA,44,NA,"Ciconiiformes","Sulidae","Morus","capensis","Gannet","Cape",20000,6000,4,393976,-32.089261,18.30181
"141",19879,510364,"32041818","32041818","Lamberts Bay: Bird Island","Western Cape","South Africa",NA,2023,2023-12-04,"S",10:00:00,11:00:00,2158,1,100,100,0,NA,4,0,35695,15,NA,"Accepted",NA,44,NA,"Ciconiiformes","Sulidae","Morus","capensis","Gannet","Cape",35000,6000,4,394106,-32.089261,18.30181
"142",19927,510412,"32041818","32041818","Lamberts Bay: Bird Island","Western Cape","South Africa",NA,2024,2024-01-19,"S",09:00:00,10:00:00,2158,1,100,100,0,FALSE,3,0,41926,18,NA,"Accepted",NA,44,NA,"Ciconiiformes","Sulidae","Morus","capensis","Gannet","Cape",40000,7000,4,394923,-32.089261,18.30181
"143",20135,510615,"32041818","32041818","Lamberts Bay: Bird Island","Western Cape","South Africa",NA,2024,2024-02-23,"S",11:00:00,12:00:00,2158,1,100,100,0,FALSE,4,0,38646,21,NA,"Accepted",NA,44,NA,"Ciconiiformes","Sulidae","Morus","capensis","Gannet","Cape",36000,8000,4,398751,-32.089261,18.30181
"144",20179,510659,"32041818","32041818","Lamberts Bay: Bird Island","Western Cape","South Africa",NA,2024,2024-03-12,"O",09:00:00,10:00:00,2158,1,100,100,0,FALSE,4,0,20337,19,NA,"Accepted",NA,44,NA,"Ciconiiformes","Sulidae","Morus","capensis","Gannet","Cape",19000,3000,4,399939,-32.089261,18.30181
"145",20225,510705,"32041818","32041818","Lamberts Bay: Bird Island","Western Cape","South Africa",NA,2024,2024-04-20,"O",09:00:00,10:00:00,2158,1,100,100,0,NA,2,0,17897,19,NA,"Accepted",NA,44,NA,"Ciconiiformes","Sulidae","Morus","capensis","Gannet","Cape",16000,800,4,400976,-32.089261,18.30181
"146",20252,510731,"32041818","32041818","Lamberts Bay: Bird Island","Western Cape","South Africa",NA,2024,2024-05-09,"O",12:00:00,13:00:00,2158,1,100,100,0,NA,4,0,938,15,"no white breasted cormorants, becoming less in the area.","Accepted",NA,44,NA,"Ciconiiformes","Sulidae","Morus","capensis","Gannet","Cape",150,73,4,401525,-32.089261,18.30181
"147",20361,510840,"32041818","32041818","Lamberts Bay: Bird Island","Western Cape","South Africa",NA,2024,2024-06-30,"W",12:15:00,13:15:00,2158,1,100,100,0,FALSE,2,0,3277,16,NA,"Accepted",NA,44,NA,"Ciconiiformes","Sulidae","Morus","capensis","Gannet","Cape",3000,0,0,403646,-32.089261,18.30181
"148",20363,510842,"32041818","32041818","Lamberts Bay: Bird Island","Western Cape","South Africa",NA,2024,2024-07-30,"W",11:00:00,12:00:00,2158,1,100,100,0,FALSE,3,0,4786,15,NA,"Accepted",NA,44,NA,"Ciconiiformes","Sulidae","Morus","capensis","Gannet","Cape",4000,0,0,403671,-32.089261,18.30181
"149",20432,510909,"32041818","32041818","Lamberts Bay: Bird Island","Western Cape","South Africa",NA,2024,2024-08-30,"W",08:00:00,08:45:00,2158,1,100,100,0,FALSE,5,0,26671,13,"australasian gannet reunited with cape gannet partner, both are ringed with large plastic individual identifyable rings.","Accepted",NA,44,NA,"Ciconiiformes","Sulidae","Morus","capensis","Gannet","Cape",26000,0,0,404862,-32.089261,18.30181
"150",20455,510932,"32041818","32041818","Lamberts Bay: Bird Island","Western Cape","South Africa",NA,2024,2024-09-13,"O",08:00:00,09:00:00,2158,1,100,100,0,FALSE,4,0,22499,14,NA,"Accepted",NA,44,NA,"Ciconiiformes","Sulidae","Morus","capensis","Gannet","Cape",22000,0,0,405258,-32.089261,18.30181
"151",20471,510948,"32041818","32041818","Lamberts Bay: Bird Island","Western Cape","South Africa",NA,2024,2024-10-18,"O",09:00:00,10:00:00,2158,1,100,100,0,FALSE,4,0,38498,17,NA,"Accepted",NA,44,NA,"Ciconiiformes","Sulidae","Morus","capensis","Gannet","Cape",38000,0,0,405408,-32.089261,18.30181
"152",20532,511008,"32041818","32041818","Lamberts Bay: Bird Island","Western Cape","South Africa",NA,2024,2024-11-07,"O",09:00:00,10:00:00,2158,0,100,100,0,FALSE,2,0,37369,13,"strong warm Berg wind. 
Cape cormorants have abandoned the island cormorant breeding poles , which had 100% success for many years, for the roof of the west factory .","Accepted",NA,44,NA,"Ciconiiformes","Sulidae","Morus","capensis","Gannet","Cape",37000,6000,4,406401,-32.089261,18.30181
"153",20588,511060,"32041818","32041818","Lamberts Bay: Bird Island","Western Cape","South Africa",NA,2024,2024-12-19,"S",09:00:00,10:00:00,2158,1,100,100,0,FALSE,4,0,40465,14,"7n australasian gannets have been recorded and ringed , only spotted during count.
all cormorants (cape and white breasted)that used to nest on the island breeding poles have moved again to the factory roofs.
No common or sandwich terns.","Accepted",NA,44,NA,"Ciconiiformes","Sulidae","Morus","capensis","Gannet","Cape",40000,8000,4,406873,-32.089261,18.30181
"154",20593,511065,"32041818","32041818","Lamberts Bay: Bird Island","Western Cape","South Africa",NA,2025,2025-01-06,"S",08:00:00,09:00:00,2158,1,100,100,0,FALSE,3,0,42526,14,"42 000 gannets is the most in 18 years.","Accepted",NA,44,NA,"Ciconiiformes","Sulidae","Morus","capensis","Gannet","Cape",42000,8000,4,406946,-32.089261,18.30181
"155",20817,511286,"32041818","32041818","Lamberts Bay: Bird Island","Western Cape","South Africa",NA,2025,2025-02-28,"S",08:30:00,09:30:00,2158,1,100,100,0,FALSE,2,0,3,2,"fresh NW ,light drizzle , overcast. very high concentration of cape cormorants on the island and nearby factory roofs.","Accepted",NA,44,NA,"Ciconiiformes","Sulidae","Morus","capensis","Gannet","Cape",36000,9000,4,410593,-32.089261,18.30181
"156",20885,511347,"32041818","32041818","Lamberts Bay: Bird Island","Western Cape","South Africa",NA,2025,2025-03-25,"O",08:00:00,09:00:00,2158,1,100,100,0,FALSE,4,0,38470,14,"australasian gannets seen less and less , same pattern as last year.","Accepted",NA,44,NA,"Ciconiiformes","Sulidae","Morus","capensis","Gannet","Cape",38000,1000,4,411650,-32.089261,18.30181
"157",20893,511355,"32041818","32041818","Lamberts Bay: Bird Island","Western Cape","South Africa",NA,2025,2025-04-04,"O",09:00:00,10:00:00,2158,1,100,100,0,FALSE,3,0,39586,14,"post overnight thunder storms , im swell.","Accepted",NA,44,NA,"Ciconiiformes","Sulidae","Morus","capensis","Gannet","Cape",36000,500,4,411815,-32.089261,18.30181
"158",20938,511399,"32041818","32041818","Lamberts Bay: Bird Island","Western Cape","South Africa",NA,2025,2025-05-30,"O",09:30:00,10:30:00,2158,1,100,100,0,FALSE,2,0,3627,12,"overcast,3m swell,post cold front, lumpy sea
No Australasian gannets.","Accepted",NA,44,NA,"Ciconiiformes","Sulidae","Morus","capensis","Gannet","Cape",150,42,4,412596,-32.089261,18.30181
"159",20974,511435,"32041818","32041818","Lamberts Bay: Bird Island","Western Cape","South Africa",NA,2025,2025-06-13,"W",11:00:00,12:00:00,2158,1,100,100,0,FALSE,2,0,2315,12,"Strong NE wind , clear skies 0.5m swell. Berg winds always create poor conditions.","Accepted",NA,44,NA,"Ciconiiformes","Sulidae","Morus","capensis","Gannet","Cape",54,8,4,413261,-32.089261,18.30181
